Date,ATR_1,Copp_1,EMA_1,MA_1,MFI_1,OBV_1,PP,R1,R2,R3,S1,S2,S3,ROC_1,SO%d_1,SO%k,Trix_1
2017-04-03,0.0,0.0,67.95,67.95,0.0,0.0,69.18,70.60000000000002,73.24999999999999,74.67,66.53000000000002,65.11000000000001,62.46000000000002,0.0,0.0466830466830462,0.0466830466830462,0.0
2017-04-04,2.674999999999997,0.0,69.4,69.40000000000002,1.0,6991755.0,69.37833333333334,70.64666666666669,71.89333333333333,73.16166666666669,68.13166666666669,66.86333333333334,65.61666666666669,0.0,0.5129224652087498,0.5129224652087498,0.021339220014716744
2017-04-05,3.239999999999996,0.0,71.79,71.79000000000002,1.0,5244219.0,71.34666666666669,73.08333333333336,74.3766666666667,76.11333333333336,70.05333333333336,68.31666666666668,67.02333333333335,0.0,0.7194719471947214,0.7194719471947214,0.03443804034582133
2017-04-06,3.299999999999997,0.0,74.68,74.68000000000002,1.0,9425095.0,74.10666666666667,75.66333333333334,76.64666666666666,78.20333333333333,73.12333333333333,71.56666666666666,70.58333333333333,0.0,0.8385826771653561,0.8385826771653561,0.04025630310628222
2017-04-07,1.8499999999999943,0.0,75.87,75.87,1.0,3981631.0,75.5,76.61,77.35000000000002,78.46,74.76,73.65,72.91000000000003,0.0,0.8000000000000046,0.8000000000000046,0.015934654525977473
2017-04-10,2.319999999999993,0.0,74.71,74.70999999999998,0.0,-3184751.0,74.90333333333331,75.96666666666664,77.22333333333333,78.28666666666662,73.64666666666666,72.58333333333333,71.32666666666665,0.0,0.37499999999999695,0.37499999999999695,-0.015289310662976284
2017-04-11,1.6400000000000006,0.0,74.28,74.27999999999999,0.0,-2928972.0,74.33333333333334,75.1266666666667,75.97333333333334,76.7666666666667,73.4866666666667,72.69333333333334,71.84666666666669,0.0,0.4512195121951187,0.4512195121951187,-0.005755588274661929
2017-04-12,2.75,0.0,76.13,76.12999999999997,1.0,3587192.0,75.62666666666667,77.25333333333333,78.37666666666667,80.00333333333333,74.50333333333333,72.87666666666667,71.75333333333333,0.0,0.7745454545454529,0.7745454545454529,0.024905761981690814
2017-04-13,1.820000000000008,0.0,76.51,76.50999999999998,1.0,2960952.0,76.45666666666666,77.39333333333333,78.27666666666669,79.21333333333334,75.57333333333331,74.63666666666666,73.75333333333332,0.0,0.5439560439560468,0.5439560439560468,0.00499146197294115
2017-04-17,1.4799999999999898,0.0,77.0,76.99999999999999,1.0,2065550.0,77.26333333333334,77.72666666666667,78.45333333333333,78.91666666666667,76.53666666666669,76.07333333333334,75.34666666666669,0.0,0.168067226890759,0.168067226890759,0.006404391582799567
2017-04-18,2.230000000000004,0.0,75.39,75.38999999999999,0.0,-3131160.0,75.66666666666667,76.56333333333335,77.73666666666666,78.63333333333334,74.49333333333334,73.59666666666666,72.42333333333333,0.0,0.2995169082125615,0.2995169082125615,-0.0209090909090909
2017-04-19,1.4599999999999935,0.0,75.25,75.24999999999999,0.0,-3219498.0,75.37,76.04,76.83,77.5,74.58000000000001,73.91000000000003,73.12000000000002,0.0,0.37671232876712296,0.37671232876712296,-0.0018570102135561824
2017-04-20,0.9000000000000057,0.0,75.49,75.48999999999998,1.0,2624505.0,75.38333333333333,75.88666666666666,76.28333333333333,76.78666666666666,74.98666666666666,74.4833333333333,74.08666666666664,0.0,0.6777777777777728,0.6777777777777728,0.003189368770764052
2017-04-21,1.5099999999999911,0.0,76.32,76.31999999999998,1.0,2727860.0,75.95,76.89,77.46,78.39999999999998,75.38000000000002,74.44000000000003,73.87000000000002,0.0,0.8675496688741695,0.8675496688741695,0.01099483375281492
2017-04-24,1.5999999999999943,0.0,75.69,75.69,1.0,-2156462.0,76.05,76.66999999999999,77.64999999999998,78.26999999999998,75.07,74.45,73.47,0.0,0.1624999999999949,0.1624999999999949,-0.008254716981132016
2017-04-25,1.3299999999999983,0.0,76.13,76.13,0.0,2042220.0,75.88,76.66999999999999,77.21000000000002,77.99999999999999,75.33999999999997,74.55,74.00999999999998,0.0,0.7819548872180402,0.7819548872180402,0.005813185361342287
2017-04-26,1.0999999999999943,0.0,76.14,76.13999999999999,1.0,1539411.0,76.18,76.71000000000002,77.28,77.81,75.61000000000001,75.08000000000001,74.51000000000002,0.0,0.4454545454545431,0.4454545454545431,0.00013135426244588358
2017-04-27,1.1200000000000043,0.0,75.88,75.87999999999998,0.0,-1185210.0,75.89999999999998,76.44999999999997,77.02000000000002,77.57,75.32999999999998,74.77999999999999,74.20999999999998,0.0,0.4732142857142848,0.4732142857142848,-0.003414762280010573
2017-04-28,0.9200000000000016,0.0,75.34,75.33999999999997,0.0,-2006403.0,75.39333333333333,75.82666666666667,76.3133333333333,76.74666666666667,74.90666666666667,74.47333333333333,73.98666666666666,0.0,0.4130434782608793,0.4130434782608793,-0.007116499736425831
2017-05-01,1.8499999999999943,0.0,76.4,76.39999999999998,1.0,2961214.0,76.05,77.14999999999998,77.89999999999998,78.99999999999999,75.3,74.2,73.45,0.0,0.7837837837837878,0.7837837837837878,0.014069551367135679
2017-05-02,1.6800000000000068,0.0,76.98,76.97999999999998,1.0,2192842.0,77.05333333333334,77.85666666666668,78.73333333333333,79.53666666666669,76.17666666666669,75.37333333333333,74.49666666666667,0.0,0.43452380952381015,0.43452380952381015,0.007591623036649192
2017-05-03,2.269999999999996,0.0,77.27,77.27,1.0,3073566.0,77.39999999999998,78.46999999999998,79.67,80.73999999999998,76.19999999999997,75.13,73.92999999999998,0.0,0.4140969162995592,0.4140969162995592,0.003767212262925332
2017-05-04,1.0400000000000065,0.0,77.56,77.55999999999997,1.0,2267047.0,77.79666666666667,78.07333333333334,78.58666666666669,78.86333333333334,77.28333333333333,77.00666666666666,76.49333333333333,0.0,0.050632911392412584,0.050632911392412584,0.0037530736378931827
2017-05-05,1.4300000000000068,0.0,78.39,78.38999999999999,1.0,1001279.0,77.97333333333334,78.89666666666669,79.40333333333334,80.3266666666667,77.46666666666668,76.54333333333334,76.03666666666669,0.0,0.9370629370629352,0.9370629370629352,0.010701392470345515
2017-05-08,0.9200000000000016,0.0,78.41,78.40999999999998,1.0,1160888.0,78.11666666666666,78.72333333333331,79.03666666666669,79.64333333333332,77.80333333333331,77.19666666666666,76.88333333333331,0.0,0.9782608695652064,0.9782608695652064,0.0002551345834927417
2017-05-09,1.6200000000000043,0.0,79.0,78.99999999999997,1.0,3519891.0,79.29,79.74000000000002,80.47999999999998,80.93,78.55000000000003,78.10000000000002,77.36000000000001,0.0,0.13445378151260245,0.13445378151260245,0.007524550439994942
2017-05-10,0.8599999999999994,0.0,79.61,79.60999999999996,1.0,2692893.0,79.51,79.96000000000002,80.31,80.76,79.16000000000003,78.71000000000002,78.36000000000001,0.0,0.6874999999999989,0.6874999999999989,0.007721518987341766
2017-05-11,0.6400000000000006,0.0,79.42,79.41999999999997,0.0,-1771817.0,79.30333333333334,79.63666666666668,79.85333333333331,80.1866666666667,79.08666666666669,78.75333333333334,78.53666666666669,0.0,0.8181818181818276,0.8181818181818276,-0.0023866348448687066
2017-05-12,0.5099999999999909,0.0,79.62,79.61999999999995,1.0,1034119.0,79.45666666666666,79.79333333333331,79.96666666666664,80.30333333333331,79.28333333333333,78.94666666666667,78.77333333333334,0.0,0.9803921568627626,0.9803921568627626,0.002518257365902831
2017-05-15,0.9799999999999898,0.0,80.53,80.52999999999997,1.0,1856952.0,80.25666666666667,80.87333333333333,81.21666666666668,81.83333333333334,79.91333333333336,79.2966666666667,78.95333333333336,0.0,0.92708333333334,0.92708333333334,0.011429289123335802
2017-05-16,0.539999999999992,0.0,80.59,80.58999999999997,1.0,1717097.0,80.57000000000002,80.85000000000002,81.11,81.39,80.31000000000002,80.03000000000002,79.77000000000002,0.0,0.5555555555555585,0.5555555555555585,0.0007450639513225168
2017-05-17,2.075000000000004,0.0,78.78,78.77999999999997,0.0,-2142593.0,79.15833333333333,79.80166666666666,80.82333333333334,81.46666666666667,78.13666666666666,77.49333333333333,76.47166666666666,0.0,0.1591591591591589,0.1591591591591589,-0.02245936220374739
2017-05-18,1.1500000000000057,0.0,78.12,78.11999999999998,0.0,-3122060.0,78.25,78.76,79.39999999999998,79.91000000000003,77.61,77.1,76.46,0.0,0.3304347826087024,0.3304347826087024,-0.008377760853008334
2017-05-19,1.0900000000000034,0.0,78.07,78.06999999999995,1.0,-1730543.0,78.34666666666666,78.75333333333333,79.43666666666667,79.84333333333333,77.66333333333333,77.25666666666666,76.57333333333331,0.0,0.119266055045867,0.119266055045867,-0.0006400409626217532
2017-05-22,0.9398999999999944,0.0,78.48,78.47999999999995,0.0,1499292.0,78.23336666666667,78.82663333333333,79.17326666666666,79.76653333333333,77.88673333333334,77.29346666666667,76.94683333333334,0.0,0.8936057027343388,0.8936057027343388,0.005251697194825296
2017-05-23,0.7299999999999898,0.0,78.27,78.26999999999994,1.0,-1090818.0,78.43333333333334,78.71666666666667,79.16333333333333,79.44666666666666,77.9866666666667,77.70333333333333,77.25666666666669,0.0,0.16438356164382467,0.16438356164382467,-0.002675840978593373
2017-05-24,1.3259999999999934,0.0,77.95,77.94999999999995,0.0,-1178154.0,78.02533333333334,78.65066666666667,79.35133333333332,79.97666666666666,77.32466666666667,76.69933333333334,75.9986666666667,0.0,0.4147812971342382,0.4147812971342382,-0.004088411907499594
2017-05-25,1.5999999999999943,0.0,78.64,78.63999999999993,1.0,1695550.0,78.73666666666666,79.45333333333333,80.26666666666667,80.98333333333333,77.92333333333333,77.20666666666666,76.39333333333333,0.0,0.4052287581699373,0.4052287581699373,0.00885182809493262
2017-05-26,3.1599999999999966,0.0,78.66,78.65999999999995,0.0,2372454.0,78.72,80.27,81.88000000000002,83.42999999999998,77.11,75.56,73.95,0.0,0.4715189873417711,0.4715189873417711,0.0002543234994913024
2017-05-30,1.3900000000000006,0.0,78.34,78.33999999999995,0.0,-1997336.0,78.07000000000002,78.87000000000002,79.40000000000002,80.20000000000002,77.54000000000002,76.74000000000002,76.21000000000002,0.0,0.8045112781954953,0.8045112781954953,-0.00406814136791245
2017-05-31,1.3179999999999978,0.0,77.52,77.51999999999995,0.0,-2151658.0,77.82733333333333,78.33266666666665,79.14533333333333,79.65066666666667,77.01466666666666,76.50933333333333,75.69666666666666,0.0,0.1502276176024231,0.1502276176024231,-0.010467194281337851
2017-06-01,1.0599999999999878,0.0,77.14,77.13999999999997,0.0,-1708192.0,77.24,77.71999999999998,78.3,78.77999999999997,76.66,76.18,75.60000000000002,0.0,0.3584905660377356,0.3584905660377356,-0.004901960784313667
2017-06-02,1.9499999999999889,0.0,77.59,77.58999999999995,1.0,2122678.0,77.37333333333333,78.45666666666666,79.32333333333334,80.40666666666667,76.50666666666667,75.42333333333335,74.55666666666669,0.0,0.6666666666666691,0.6666666666666691,0.005833549390718212
2017-06-05,1.1299999999999957,0.0,77.75,77.74999999999997,1.0,1675853.0,77.60666666666667,78.24333333333334,78.73666666666666,79.37333333333333,77.11333333333334,76.47666666666667,75.98333333333333,0.0,0.6902654867256675,0.6902654867256675,0.0020621214073978165
2017-06-06,1.1499999999999917,0.0,76.87,76.86999999999998,0.0,-1362792.0,77.23333333333333,77.62666666666667,78.38333333333333,78.77666666666666,76.47666666666667,76.08333333333334,75.32666666666668,0.0,0.026086956521740312,0.026086956521740312,-0.011318327974276468
2017-06-07,0.8799999999999955,0.0,76.77,76.76999999999998,0.0,-1140478.0,76.79666666666667,77.22333333333333,77.67666666666669,78.10333333333331,76.34333333333333,75.91666666666667,75.46333333333334,0.0,0.4545454545454472,0.4545454545454472,-0.0013008976193574675
2017-06-08,1.1310000000000002,0.0,76.15,76.14999999999998,0.0,-1489402.0,76.26700000000002,76.77400000000002,77.39800000000002,77.90500000000002,75.64300000000001,75.13600000000002,74.51200000000001,0.0,0.34482758620689696,0.34482758620689696,-0.008076071382050154
2017-06-09,2.0799999999999983,0.0,75.1,75.1,0.0,-2288471.0,75.26666666666667,76.22333333333333,77.34666666666666,78.30333333333333,74.14333333333333,73.18666666666667,72.06333333333333,0.0,0.3798076923076888,0.3798076923076888,-0.013788575180564823
2017-06-12,2.0100000000000047,0.0,75.55,75.54999999999998,0.0,2434107.0,75.14666666666666,76.35333333333331,77.15666666666667,78.36333333333333,74.3433333333333,73.13666666666666,72.33333333333331,0.0,0.8009950248756196,0.8009950248756196,0.005992010652463421
2017-06-13,1.0599999999999878,0.0,75.93,75.92999999999998,1.0,2084280.0,75.59666666666669,76.29333333333334,76.65666666666667,77.35333333333334,75.23333333333336,74.53666666666669,74.17333333333337,0.0,0.9716981132075592,0.9716981132075592,0.00502978160158848
2017-06-14,1.5300000000000011,0.0,74.79,74.78999999999998,0.0,-1194650.0,75.21333333333331,75.76666666666667,76.74333333333331,77.29666666666667,74.23666666666666,73.68333333333331,72.70666666666666,0.0,0.08496732026144416,0.08496732026144416,-0.015013828526274206
2017-06-15,1.0400000000000065,0.0,74.1,74.09999999999998,0.0,-1699734.0,74.14,74.53,74.95999999999998,75.35,73.71000000000002,73.32000000000002,72.89000000000001,0.0,0.4268292682926795,0.4268292682926795,-0.009225832330525631
2017-06-16,1.4699999999999989,0.0,74.84,74.84,1.0,2555036.0,74.44333333333334,75.3766666666667,75.91333333333334,76.84666666666669,73.9066666666667,72.97333333333334,72.4366666666667,0.0,0.9047619047619044,0.9047619047619044,0.009986504723346952
2017-06-19,2.0300000000000007,0.0,76.71,76.71000000000002,1.0,1679982.0,76.16000000000003,77.42000000000002,78.13000000000002,79.39000000000001,75.45000000000002,74.19000000000003,73.48000000000002,0.0,0.9187817258883192,0.9187817258883192,0.02498663816141088
2017-06-20,1.0349999999999966,0.0,75.92,75.92,0.0,-1498610.0,76.045,76.415,76.91000000000003,77.28000000000002,75.55,75.17999999999998,74.68499999999997,0.0,0.2832369942196555,0.2832369942196555,-0.010298526919567098
2017-06-21,1.1999999999999886,0.0,76.42,76.42,1.0,2000389.0,76.39999999999998,77.00999999999998,77.59999999999998,78.20999999999997,75.80999999999997,75.2,74.61,0.0,0.5250000000000011,0.5250000000000011,0.006585879873551107
2017-06-22,0.8780000000000001,0.0,76.72,76.71999999999998,1.0,1043923.0,76.61399999999998,77.10600000000002,77.492,77.98400000000002,76.22800000000002,75.736,75.35000000000002,0.0,0.6810933940774475,0.6810933940774475,0.0039256739073540575
2017-06-23,2.4099999999999966,0.0,78.46,78.45999999999998,1.0,9072089.0,77.66333333333334,79.2666666666667,80.07333333333331,81.67666666666669,76.85666666666668,75.25333333333334,74.44666666666669,0.0,0.9958506224066368,0.9958506224066368,0.022679874869655826
2017-06-26,1.4500000000000028,0.0,78.85,78.84999999999998,1.0,2752296.0,78.67333333333333,79.48666666666666,80.12333333333333,80.93666666666667,78.03666666666666,77.22333333333333,76.58666666666666,0.0,0.6827586206896503,0.6827586206896503,0.00497068569971961
2017-06-27,1.75,0.0,77.52,77.51999999999998,0.0,-2011650.0,78.08999999999997,78.67999999999998,79.83999999999997,80.42999999999998,76.92999999999998,76.33999999999997,75.17999999999998,0.0,0.011428571428569154,0.011428571428569154,-0.01686746987951805
2017-06-28,1.3199999999999932,0.0,78.4,78.39999999999998,0.0,2146986.0,78.08,78.89999999999998,79.39999999999998,80.21999999999998,77.58,76.76,76.26,0.0,0.8636363636363685,0.8636363636363685,0.01135190918472665
2017-06-29,1.3799999999999957,0.0,78.54,78.53999999999998,1.0,1998322.0,78.28666666666669,79.10333333333334,79.66666666666666,80.48333333333333,77.72333333333336,76.9066666666667,76.34333333333336,0.0,0.7753623188405876,0.7753623188405876,0.0017857142857142926
2017-06-30,2.060600000000008,0.0,76.72,76.71999999999998,0.0,-1814502.0,77.40686666666667,78.09373333333333,79.4674666666667,80.15433333333334,76.03313333333334,75.34626666666666,73.97253333333333,0.0,0.0,0.0,-0.0231729055258468
2017-07-03,1.009999999999991,0.0,75.95,75.94999999999997,0.0,-1217374.0,76.21333333333331,76.58666666666664,77.22333333333333,77.59666666666664,75.57666666666665,75.20333333333333,74.56666666666666,0.0,0.10891089108910933,0.10891089108910933,-0.010036496350364913
2017-07-05,0.7900000000000063,0.0,76.24,76.24,1.0,1779791.0,76.26333333333334,76.64666666666669,77.05333333333334,77.4366666666667,75.85666666666667,75.47333333333333,75.06666666666666,0.0,0.4556962025316412,0.4556962025316412,0.003818301514153944
2017-07-06,1.0600000000000025,0.0,76.51,76.51,1.0,1940091.0,76.28333333333335,76.92666666666669,77.34333333333333,77.9866666666667,75.86666666666669,75.22333333333334,74.80666666666669,0.0,0.8207547169811346,0.8207547169811346,0.0035414480587619398
2017-07-07,1.190000000000012,0.0,77.46,77.46,1.0,806986.0,77.19,77.92,78.38000000000002,79.11000000000001,76.72999999999998,75.99999999999999,75.53999999999998,0.0,0.8403361344537731,0.8403361344537731,0.012416677558488937
2017-07-10,1.1199000000000012,0.0,77.85,77.85000000000002,1.0,2193458.0,77.74336666666666,78.3566333333333,78.86326666666666,79.47653333333331,77.2367333333333,76.62346666666666,76.11683333333332,0.0,0.6428252522546609,0.6428252522546609,0.005034856700232386
2017-07-11,0.7099999999999937,0.0,77.73,77.73000000000002,0.0,-1765287.0,77.70666666666666,78.07333333333331,78.41666666666666,78.78333333333332,77.36333333333333,76.99666666666667,76.65333333333334,0.0,0.5492957746478929,0.5492957746478929,-0.0015414258188823425
2017-07-12,1.25,0.0,78.68,78.68000000000002,1.0,964731.0,78.52666666666667,79.13333333333334,79.58666666666666,80.19333333333334,78.07333333333334,77.46666666666667,77.01333333333334,0.0,0.716981132075475,0.716981132075475,0.012221793387366559
2017-07-13,0.9546000000000134,0.0,78.56,78.56,0.0,-1005478.0,78.48846666666667,79.00153333333334,79.4430666666667,79.95613333333336,78.04693333333333,77.53386666666665,77.09233333333331,0.0,0.6124031007751944,0.6124031007751944,-0.0015251652262328994
2017-07-14,0.8999999999999915,0.0,78.51,78.50999999999998,0.0,-1372250.0,78.41666666666667,78.91333333333334,79.31666666666669,79.81333333333333,78.01333333333334,77.5166666666667,77.11333333333336,0.0,0.6555555555555656,0.6555555555555656,-0.0006364562118125911
2017-07-17,0.9199999999999876,0.0,78.21,78.20999999999997,0.0,-1481771.0,78.14333333333333,78.63666666666666,79.0633333333333,79.55666666666664,77.71666666666667,77.22333333333334,76.7966666666667,0.0,0.6086956521739083,0.6086956521739083,-0.0038211692777991506
2017-07-18,0.6099999999999994,0.0,77.98,77.97999999999998,0.0,-1719104.0,78.02333333333333,78.30666666666666,78.63333333333334,78.91666666666666,77.69666666666666,77.41333333333333,77.08666666666666,0.0,0.3934426229508349,0.3934426229508349,-0.002940800409154709
2017-07-19,0.9399999999999976,0.0,78.71,78.70999999999997,1.0,1476825.0,78.39666666666666,79.02333333333333,79.33666666666666,79.96333333333331,78.08333333333333,77.45666666666666,77.14333333333333,0.0,1.0,1.0,0.009361374711464344
2017-07-20,0.7800000000000011,0.0,78.64,78.63999999999997,1.0,-742194.0,78.53333333333335,78.97666666666669,79.31333333333336,79.75666666666669,78.19666666666669,77.75333333333334,77.41666666666669,0.0,0.7051282051282004,0.7051282051282004,-0.0008893406174563992
2017-07-21,1.8299999999999983,0.0,79.94,79.93999999999998,1.0,1603530.0,79.61,80.69,81.44,82.52,78.86,77.78,77.03,0.0,0.7704918032786874,0.7704918032786874,0.01653102746693791
2017-07-24,0.769999999999996,0.0,80.25,80.25,1.0,1412060.0,80.08666666666666,80.55333333333331,80.85666666666665,81.32333333333331,79.78333333333332,79.31666666666666,79.0133333333333,0.0,0.8181818181818165,0.8181818181818165,0.003877908431323521
2017-07-25,0.7498999999999967,0.0,80.06,80.06,1.0,-772256.0,80.25663333333334,80.53326666666669,81.00653333333334,81.28316666666667,79.7833666666667,79.50673333333334,79.03346666666668,0.0,0.10668089078543626,0.10668089078543626,-0.002367601246105891
2017-07-26,0.5400000000000063,0.0,80.06,80.06,0.0,0.0,80.10000000000002,80.35000000000002,80.64000000000001,80.89000000000003,79.81000000000002,79.56,79.27000000000002,0.0,0.3888888888888991,0.3888888888888991,0.0
2017-07-27,2.9200000000000017,0.0,78.48,78.48000000000002,0.0,-1797975.0,78.71333333333334,80.0566666666667,81.63333333333334,82.9766666666667,77.1366666666667,75.79333333333334,74.2166666666667,0.0,0.38013698630136944,0.38013698630136944,-0.019735198601049192
2017-07-28,0.5499999999999972,0.0,78.43,78.43000000000002,0.0,-807758.0,78.55333333333334,78.7666666666667,79.10333333333331,79.31666666666669,78.21666666666668,78.00333333333334,77.66666666666669,0.0,0.16363636363637069,0.16363636363637069,-0.0006371049949031237
2017-07-31,1.0400000000000065,0.0,78.38,78.38,0.0,-978486.0,78.44666666666666,78.93333333333331,79.48666666666666,79.97333333333333,77.89333333333332,77.40666666666667,76.85333333333331,0.0,0.4038461538461531,0.4038461538461531,-0.0006375111564453827
2017-08-01,1.0100000000000051,0.0,79.33,79.32999999999998,1.0,1065211.0,79.04666666666667,79.67333333333333,80.01666666666667,80.64333333333333,78.70333333333333,78.07666666666667,77.73333333333333,0.0,0.9381443298969048,0.9381443298969048,0.01212043888747133
2017-08-02,1.4699999999999989,0.0,78.11,78.11,0.0,-1011405.0,78.4066666666667,78.95333333333336,79.7966666666667,80.34333333333336,77.56333333333336,77.0166666666667,76.17333333333336,0.0,0.1798561151079136,0.1798561151079136,-0.015378797428463369
2017-08-03,0.6500000000000057,0.0,78.44,78.44000000000003,0.0,854616.0,78.36333333333333,78.72666666666666,79.0133333333333,79.37666666666667,78.07666666666665,77.71333333333331,77.42666666666666,0.0,0.6769230769230675,0.6769230769230675,0.0042248111637434175
2017-08-04,0.5499999999999972,0.0,78.72,78.72000000000003,1.0,833086.0,78.69000000000003,78.98000000000002,79.24000000000002,79.53000000000002,78.43000000000002,78.14000000000001,77.88000000000002,0.0,0.5818181818181725,0.5818181818181725,0.0035696073431922635
2017-08-07,0.6200000000000045,0.0,78.87,78.87000000000003,1.0,1219047.0,78.91666666666667,79.20333333333333,79.53666666666669,79.82333333333334,78.58333333333334,78.29666666666667,77.96333333333334,0.0,0.3870967741935602,0.3870967741935602,0.0019054878048781207
2017-08-08,2.0300000000000007,0.0,77.49,77.49000000000002,0.0,-2734075.0,78.01333333333334,78.76666666666667,80.04333333333334,80.79666666666667,76.73666666666666,75.98333333333333,74.70666666666666,0.0,0.11330049261083233,0.11330049261083233,-0.017497147204260297
2017-08-09,7.010000000000005,0.0,82.98,82.98000000000003,1.0,4613285.0,82.38333333333334,85.09666666666669,87.21333333333332,89.92666666666668,80.2666666666667,77.55333333333334,75.4366666666667,0.0,0.6853002070393381,0.6853002070393381,0.07084785133565634
2017-08-10,2.2800000000000007,0.0,81.27,81.27000000000002,0.0,-2461798.0,81.50666666666666,82.3133333333333,83.35666666666667,84.16333333333331,80.46333333333331,79.65666666666667,78.61333333333333,0.0,0.3081081081081053,0.3081081081081053,-0.02060737527114977
2017-08-11,1.3500000000000083,0.0,82.05,82.05000000000003,1.0,1552154.0,81.7,82.55000000000003,83.05000000000003,83.90000000000002,81.2,80.35,79.85,0.0,0.8888888888888854,0.8888888888888854,0.009597637504614264
2017-08-14,2.390000000000001,0.0,84.23,84.23000000000003,1.0,2419765.0,83.72333333333334,84.94666666666669,85.66333333333336,86.88666666666668,83.00666666666669,81.78333333333335,81.06666666666669,0.0,0.8917525773195907,0.8917525773195907,0.026569165143205446
2017-08-15,1.8900000000000008,0.0,85.35,85.35000000000005,1.0,2200999.0,84.94666666666667,86.09333333333332,86.83666666666666,87.98333333333332,84.20333333333333,83.05666666666667,82.31333333333335,0.0,0.8201058201058183,0.8201058201058183,0.013296925086073727
2017-08-16,1.1200000000000043,0.0,85.79,85.79000000000005,1.0,1484190.0,85.61,86.26,86.73,87.38000000000002,85.14,84.49,84.02,0.0,0.7410714285714367,0.7410714285714367,0.005155243116578934
2017-08-17,2.220000000000013,0.0,83.58,83.58000000000007,0.0,-1752114.0,84.31333333333333,85.05666666666667,86.53333333333336,87.27666666666669,82.83666666666666,82.0933333333333,80.61666666666666,0.0,0.004504504504506782,0.004504504504506782,-0.025760578155962333
2017-08-18,1.3299999999999983,0.0,83.34,83.34000000000006,0.0,-1778741.0,83.42333333333333,84.04666666666667,84.75333333333334,85.37666666666667,82.71666666666667,82.09333333333333,81.38666666666667,0.0,0.40601503759399016,0.40601503759399016,-0.002871500358937484
2017-08-21,0.8300000000000125,0.0,83.27,83.27000000000007,0.0,-1092592.0,83.26666666666667,83.68333333333334,84.09666666666666,84.51333333333334,82.85333333333331,82.43666666666665,82.02333333333331,0.0,0.5060240963855366,0.5060240963855366,-0.0008399328053756586
2017-08-22,2.3200000000000074,0.0,85.51,85.51000000000009,1.0,1944669.0,84.86666666666667,86.23333333333332,86.95666666666668,88.32333333333334,84.14333333333335,82.77666666666667,82.05333333333334,0.0,0.9617224880382784,0.9617224880382784,0.02690044433769676
2017-08-23,1.1099999999999994,0.0,85.07,85.07000000000009,1.0,-2256961.0,84.89833333333333,85.39666666666666,85.72333333333333,86.22166666666664,84.57166666666666,84.07333333333334,83.74666666666667,0.0,0.8121212121212081,0.8121212121212081,-0.005145597006198245
2017-08-24,0.8670999999999935,0.0,85.03,85.0300000000001,1.0,-1113224.0,85.25236666666667,85.57473333333334,86.11946666666665,86.44183333333334,84.70763333333333,84.3852666666667,83.84053333333334,0.0,0.11532695190865536,0.11532695190865536,-0.00047020101093207995
2017-08-25,0.8599999999999994,0.0,84.88,84.88000000000008,0.0,-511107.0,85.07333333333331,85.40666666666667,85.93333333333332,86.26666666666668,84.54666666666667,84.21333333333331,83.68666666666665,0.0,0.16279069767441934,0.16279069767441934,-0.0017640832647301621
2017-08-28,0.9499999999999886,0.0,84.79,84.79000000000008,0.0,-731324.0,84.66000000000003,85.20000000000002,85.61000000000001,86.15,84.25000000000003,83.71000000000002,83.30000000000005,0.0,0.7052631578947471,0.7052631578947471,-0.0010603204524032661
2017-08-29,0.8100000000000023,0.0,84.7,84.70000000000006,0.0,-852488.0,84.58999999999997,85.04999999999998,85.39999999999998,85.85999999999999,84.23999999999998,83.77999999999999,83.42999999999998,0.0,0.7037037037037108,0.7037037037037108,-0.0010614459252270717
2017-08-30,0.6850000000000023,0.0,84.43,84.43000000000005,0.0,-741604.0,84.425,84.77,85.11,85.455,84.085,83.74,83.39999999999998,0.0,0.5109489051094998,0.5109489051094998,-0.0031877213695395037
2017-08-31,0.8599999999999994,0.0,85.0,85.00000000000007,1.0,1478617.0,84.89999999999998,85.37999999999998,85.76,86.23999999999998,84.51999999999998,84.03999999999998,83.65999999999998,0.0,0.6744186046511612,0.6744186046511612,0.006751154802795136
2017-09-01,0.8249999999999886,0.0,84.91,84.91000000000005,1.0,-754615.0,84.94833333333334,85.34166666666667,85.77333333333331,86.16666666666666,84.5166666666667,84.12333333333333,83.69166666666669,0.0,0.4303030303030238,0.4303030303030238,-0.0010588235294118047
2017-09-05,1.4699999999999989,0.0,84.44,84.44000000000005,0.0,-1390769.0,84.79666666666667,85.35333333333334,86.26666666666668,86.82333333333334,83.88333333333334,83.32666666666667,82.41333333333334,0.0,0.13605442176870952,0.13605442176870952,-0.005535272641620528
2017-09-06,1.2900000000000065,0.0,84.01,84.01000000000005,0.0,-1211308.0,84.18666666666667,84.74333333333334,85.47666666666669,86.03333333333335,83.45333333333333,82.89666666666666,82.16333333333333,0.0,0.2945736434108588,0.2945736434108588,-0.00509237328280427
2017-09-07,0.8200000000000074,0.0,84.33,84.33000000000003,0.0,1692294.0,84.06333333333333,84.60666666666667,84.88333333333334,85.42666666666669,83.78666666666666,83.24333333333333,82.96666666666665,0.0,0.9878048780487744,0.9878048780487744,0.003809070348767922
2017-09-08,1.0049999999999957,0.0,84.17,84.17000000000003,1.0,-1669482.0,84.11166666666666,84.64333333333333,85.11666666666666,85.64833333333333,83.63833333333334,83.10666666666667,82.63333333333334,0.0,0.5870646766169215,0.5870646766169215,-0.0018973081939997226
2017-09-11,1.6899999999999975,0.0,85.25,85.25000000000001,1.0,2971916.0,85.09666666666669,86.01333333333334,86.77666666666669,87.69333333333334,84.33333333333336,83.41666666666669,82.65333333333336,0.0,0.6369047619047606,0.6369047619047606,0.012831175002970159
2017-09-12,1.0400000000000065,0.0,85.91,85.91000000000004,1.0,2035737.0,85.88666666666666,86.31333333333332,86.71666666666668,87.14333333333332,85.4833333333333,85.05666666666664,84.65333333333331,0.0,0.5421686746987905,0.5421686746987905,0.007741935483870928
2017-09-13,1.1700000000000017,0.0,85.36,85.36000000000004,0.0,-2686770.0,85.3,85.86,86.36,86.92,84.8,84.24,83.74,0.0,0.5849056603773616,0.5849056603773616,-0.006402048655569749
2017-09-14,1.31989999999999,0.0,85.4,85.40000000000005,0.0,2407401.0,85.24003333333333,85.97996666666666,86.5599333333333,87.29986666666666,84.66006666666667,83.92013333333334,83.34016666666669,0.0,0.6817940753087426,0.6817940753087426,0.00046860356138713984
2017-09-15,0.8700000000000045,0.0,85.07,85.07000000000002,1.0,-2247208.0,85.28666666666666,85.61333333333333,86.15666666666668,86.48333333333332,84.74333333333333,84.41666666666666,83.8733333333333,0.0,0.12643678160919408,0.12643678160919408,-0.003864168618267125
2017-09-18,0.6599999999999966,0.0,84.85,84.85000000000002,0.0,-1269400.0,84.99,85.24999999999999,85.64999999999998,85.90999999999998,84.58999999999997,84.33,83.92999999999998,0.0,0.1818181818181681,0.1818181818181681,-0.002586105560126941
2017-09-19,0.39000000000000057,0.0,84.77,84.77000000000002,0.0,-821126.0,84.82666666666665,84.99333333333331,85.21666666666667,85.38333333333331,84.60333333333331,84.43666666666665,84.21333333333331,0.0,0.28205128205128016,0.28205128205128016,-0.0009428403064230796
2017-09-20,1.0499999999999972,0.0,84.89,84.89000000000003,0.0,1265077.0,84.82,85.37999999999998,85.86999999999998,86.42999999999998,84.32999999999998,83.77,83.27999999999999,0.0,0.5999999999999973,0.5999999999999973,0.0014155951397900738
2017-09-21,1.0600000000000025,0.0,84.84,84.84000000000002,1.0,-1311764.0,84.85333333333334,85.3766666666667,85.91333333333334,86.43666666666668,84.31666666666669,83.79333333333334,83.25666666666667,0.0,0.4811320754717019,0.4811320754717019,-0.0005889975262103564
2017-09-22,1.7399999999999949,0.0,85.51,85.51000000000002,1.0,2671069.0,85.25,86.25,86.99000000000002,87.99,84.51,83.51,82.77000000000002,0.0,0.7241379310344879,0.7241379310344879,0.007897218293257917
2017-09-25,1.7800000000000011,0.0,84.57,84.57000000000002,0.0,-1248085.0,84.64999999999998,85.49999999999999,86.42999999999998,87.27999999999999,83.71999999999998,82.86999999999998,81.93999999999998,0.0,0.4325842696629189,0.4325842696629189,-0.010992866331423365
2017-09-26,0.6999999999999886,0.0,84.02,84.02000000000002,0.0,-925232.0,84.14333333333333,84.41666666666666,84.81333333333333,85.08666666666666,83.74666666666666,83.47333333333333,83.07666666666665,0.0,0.22388059701491209,0.22388059701491209,-0.006503488234598525
2017-09-27,1.0542000000000091,0.0,84.62,84.62000000000002,1.0,1046363.0,84.61806666666666,85.07613333333333,85.53226666666669,85.99033333333334,84.16193333333331,83.70386666666666,83.24773333333331,0.0,0.503172172391166,0.503172172391166,0.0071411568674126236
2017-09-28,1.039999999999992,0.0,84.79,84.79000000000002,0.0,849560.0,84.56333333333333,85.19666666666666,85.60333333333331,86.23666666666666,84.15666666666667,83.52333333333334,83.11666666666667,0.0,0.8269230769230828,0.8269230769230828,0.002008981328291204
2017-09-29,1.6199000000000012,0.0,85.88,85.88000000000002,1.0,1423699.0,85.44003333333335,86.46996666666668,87.05993333333332,88.0898666666667,84.85006666666669,83.82013333333335,83.23016666666669,0.0,0.9074016914624324,0.9074016914624324,0.012855289538860587
2017-10-02,1.7099999999999935,0.0,85.35,85.35000000000002,1.0,-1877680.0,85.71333333333331,86.38666666666664,87.4233333333333,88.09666666666664,84.67666666666666,84.00333333333333,82.96666666666665,0.0,0.18128654970759608,0.18128654970759608,-0.006171401956217992
2017-10-03,0.730000000000004,0.0,85.11,85.11000000000004,0.0,-1131225.0,85.28000000000002,85.56000000000003,86.01000000000002,86.29000000000003,84.83000000000003,84.55000000000003,84.10000000000002,0.0,0.15068493150684772,0.15068493150684772,-0.0028119507908611003
2017-10-04,0.7727000000000004,0.0,85.5,85.50000000000004,1.0,732791.0,85.32243333333334,85.79756666666667,86.09513333333332,86.57026666666668,85.02486666666667,84.54973333333334,84.25216666666667,0.0,0.8447004011906244,0.8447004011906244,0.004582305252026795
2017-10-05,0.9250000000000114,0.0,85.78,85.78000000000003,1.0,1826940.0,85.70833333333333,86.20666666666666,86.63333333333334,87.13166666666667,85.28166666666667,84.78333333333332,84.35666666666664,0.0,0.6162162162162166,0.6162162162162166,0.003274853801169604
2017-10-06,1.9020000000000008,0.0,87.44,87.44000000000004,1.0,1415339.0,86.806,88.074,88.70799999999998,89.976,86.17200000000004,84.904,84.27,0.0,1.0,1.0,0.01935183026346464
2017-10-09,2.078999999999993,0.0,88.41,88.41000000000004,1.0,1915819.0,88.46633333333334,89.46266666666668,90.51533333333332,91.51166666666668,87.41366666666669,86.41733333333335,85.3646666666667,0.0,0.458760370912641,0.458760370912641,0.011093321134492207
2017-10-10,0.9599000000000046,0.0,88.09,88.09000000000003,0.0,-1568965.0,88.19663333333334,88.62326666666668,89.15653333333334,89.58316666666668,87.66336666666668,87.23673333333332,86.70346666666669,0.0,0.3333680591728366,0.3333680591728366,-0.0036195000565546116
2017-10-11,1.0300000000000011,0.0,87.65,87.65000000000003,0.0,-2008456.0,87.56666666666668,88.07333333333334,88.49666666666668,89.00333333333334,87.14333333333336,86.63666666666668,86.21333333333338,0.0,0.6344086021505464,0.6344086021505464,-0.0049948915881484575
2017-10-12,5.75,0.0,91.2,91.20000000000002,1.0,4300364.0,91.36666666666667,93.23333333333336,95.26666666666668,97.13333333333335,89.33333333333334,87.46666666666668,85.43333333333334,0.0,0.4358974358974361,0.4358974358974361,0.04050199657729603
2017-10-13,1.039900000000003,0.0,91.04,91.04,0.0,-2026398.0,91.32663333333336,91.70326666666668,92.36653333333336,92.7431666666667,90.66336666666668,90.28673333333334,89.62346666666667,0.0,0.0865467833445554,0.0865467833445554,-0.0017543859649122432
2017-10-16,0.9498999999999996,0.0,91.49,91.49,1.0,1729662.0,91.38003333333334,91.90996666666668,92.32993333333334,92.85986666666668,90.96006666666668,90.43013333333334,90.01016666666668,0.0,0.6736498578797743,0.6736498578797743,0.004942882249560508
2017-10-17,1.0600000000000025,0.0,92.11,92.11,1.0,2408275.0,91.83666666666666,92.50333333333332,92.89666666666666,93.56333333333332,91.44333333333331,90.77666666666666,90.38333333333333,0.0,0.8867924528301846,0.8867924528301846,0.006776696906765817
2017-10-18,1.1000000000000083,0.0,91.57,91.57,1.0,-1365260.0,91.93666666666668,92.30333333333334,93.03666666666668,93.40333333333336,91.20333333333332,90.83666666666666,90.10333333333332,0.0,0.0,0.0,-0.005862555639995725
2017-10-19,1.4499999999999886,0.0,91.03,91.03000000000004,0.0,-1946425.0,90.74666666666668,91.37333333333332,91.71666666666668,92.34333333333332,90.40333333333334,89.77666666666669,89.43333333333334,0.0,0.9381443298969048,0.9381443298969048,-0.00589712788031006
2017-10-20,0.8700000000000045,0.0,91.89,91.89,1.0,1543413.0,91.62666666666668,92.16333333333333,92.43666666666668,92.97333333333331,91.35333333333332,90.81666666666666,90.54333333333332,0.0,0.9876543209876479,0.9876543209876479,0.009447434911567607
2017-10-23,1.1599999999999966,0.0,91.49,91.49,1.0,-775420.0,91.84333333333332,92.24666666666664,93.00333333333332,93.40666666666664,91.08666666666664,90.68333333333332,89.92666666666666,0.0,0.04310344827585975,0.04310344827585975,-0.004353030797692956
2017-10-24,0.5,0.0,91.41,91.40999999999998,0.0,-720184.0,91.35666666666668,91.63333333333334,91.85666666666668,92.13333333333334,91.13333333333334,90.85666666666668,90.63333333333334,0.0,0.6599999999999966,0.6599999999999966,-0.00087441250409879
2017-10-25,1.0799999999999983,0.0,90.65,90.65,0.0,-871372.0,90.79333333333334,91.25666666666667,91.86333333333332,92.32666666666668,90.18666666666668,89.72333333333331,89.11666666666666,0.0,0.2990654205607525,0.2990654205607525,-0.008314188819603883
2017-10-26,0.8799999999999955,0.0,90.93,90.93,1.0,638214.0,90.93666666666668,91.37333333333332,91.81666666666666,92.25333333333332,90.49333333333334,90.05666666666669,89.61333333333334,0.0,0.4886363636363739,0.4886363636363739,0.0030888030888031014
2017-10-27,2.2600000000000047,0.0,91.91,91.91,1.0,968820.0,91.57,92.87000000000002,93.83000000000004,95.13000000000002,90.61,89.31,88.35000000000002,0.0,0.7256637168141579,0.7256637168141579,0.010777521170130757
2017-10-30,1.4699999999999989,0.0,91.18,91.18,0.0,-946942.0,91.09666666666668,91.75333333333336,92.32666666666668,92.98333333333336,90.52333333333335,89.86666666666667,89.29333333333334,0.0,0.6016260162601681,0.6016260162601681,-0.007942552497007831
2017-10-31,1.2600000000000051,0.0,91.52,91.51999999999998,1.0,1012000.0,91.34666666666664,92.0633333333333,92.60666666666664,93.32333333333332,90.8033333333333,90.08666666666664,89.54333333333332,0.0,0.7063492063492041,0.7063492063492041,0.0037288879140161134
2017-11-01,1.6400000000000006,0.0,91.5,91.5,1.0,-1127128.0,91.64,92.39,93.28000000000002,94.03,90.75,90.0,89.11,0.0,0.3719512195121946,0.3719512195121946,-0.00021853146853142505
2017-11-02,0.980000000000004,0.0,90.69,90.69,0.0,-1606195.0,90.885,91.25,91.81,92.17499999999998,90.325,89.96,89.39999999999998,0.0,0.18378378378378613,0.18378378378378613,-0.008852459016393468
2017-11-03,1.5799000000000092,0.0,91.45,91.45,1.0,1266439.0,91.11003333333332,92.06996666666667,92.68993333333334,93.64986666666668,90.49006666666666,89.53013333333332,88.91016666666665,0.0,0.8227735932653969,0.8227735932653969,0.00838019627301803
2017-11-06,2.114999999999996,0.0,93.02,93.01999999999997,1.0,1494580.0,92.44166666666666,93.78833333333333,94.55666666666664,95.90333333333332,91.67333333333332,90.32666666666668,89.55833333333334,0.0,0.9101654846335706,0.9101654846335706,0.017167851284855037
2017-11-07,1.4050000000000011,0.0,92.53,92.52999999999996,0.0,-2977790.0,92.37833333333332,93.14166666666668,93.75333333333334,94.51666666666668,91.76666666666668,91.00333333333332,90.39166666666668,0.0,0.66545454545455,0.66545454545455,-0.00526768436895286
2017-11-09,4.670000000000002,0.0,94.63,94.62999999999997,1.0,2212108.0,95.43,96.4,98.17,99.14,93.65999999999998,92.68999999999998,90.91999999999996,0.0,0.06204379562043837,0.06204379562043837,0.02269534205122657
2017-11-10,1.5649999999999975,0.0,95.94,95.93999999999996,1.0,1290133.0,95.535,96.52000000000002,97.1,98.08500000000002,94.95500000000004,93.97,93.39000000000004,0.0,0.8881789137380208,0.8881789137380208,0.01384339004544016
2017-11-13,1.999899999999997,0.0,96.8,96.79999999999997,1.0,1841626.0,96.69336666666668,97.74663333333336,98.69326666666667,99.74653333333336,95.74673333333335,94.69346666666668,93.74683333333336,0.0,0.5799789989499451,0.5799789989499451,0.00896393579320408
2017-11-14,1.5199999999999958,0.0,95.76,95.75999999999996,0.0,-1066120.0,95.95333333333332,96.61666666666666,97.47333333333331,98.13666666666666,95.09666666666666,94.43333333333334,93.57666666666668,0.0,0.30921052631578955,0.30921052631578955,-0.01074380165289248
2017-11-15,1.7099999999999935,0.0,95.99,95.98999999999994,0.0,1149531.0,95.60666666666668,96.65333333333334,97.31666666666666,98.36333333333332,94.94333333333334,93.89666666666668,93.23333333333336,0.0,0.8362573099415193,0.8362573099415193,0.002401837928153611
2017-11-16,1.6600000000000108,0.0,97.32,97.31999999999996,1.0,1416836.0,96.99,97.98000000000002,98.64,99.63000000000002,96.33,95.34,94.68,0.0,0.7999999999999932,0.7999999999999932,0.013855609959370751
2017-11-17,0.8299999999999983,0.0,96.9,96.89999999999998,0.0,-1096592.0,96.86333333333334,97.2366666666667,97.57333333333334,97.9466666666667,96.52666666666669,96.15333333333334,95.81666666666668,0.0,0.5774647887324031,0.5774647887324031,-0.00431565967940801
2017-11-20,1.9698999999999955,0.0,97.91,97.90999999999997,1.0,976990.0,97.8267,98.8533,99.7966,100.8232,96.8834,95.8568,94.9135,0.0,0.5634296157165332,0.5634296157165332,0.010423116615066985
2017-11-21,1.5300000000000011,0.0,99.02,99.01999999999997,1.0,1206672.0,98.8045,99.6555,100.291,101.14200000000001,98.169,97.318,96.68250000000002,0.0,0.7174571140262336,0.7174571140262336,0.011336942089674186
2017-11-22,1.4200000000000017,0.0,97.79,97.78999999999996,0.0,-780345.0,98.0703,98.54059999999998,99.29119999999998,99.76149999999998,97.31969999999998,96.8494,96.09879999999998,0.0,0.15562290113851412,0.15562290113851412,-0.012421732983235607
2017-11-24,0.7999999999999972,0.0,97.76,97.75999999999996,0.0,-376949.0,97.98666666666666,98.27333333333333,98.78666666666668,99.07333333333332,97.47333333333331,97.18666666666668,96.67333333333332,0.0,0.0750000000000031,0.0750000000000031,-0.000306779834338901
2017-11-27,0.9699999999999988,0.0,97.54,97.53999999999996,0.0,-1239717.0,97.83666666666666,98.17333333333332,98.80666666666669,99.14333333333332,97.20333333333332,96.86666666666666,96.23333333333332,0.0,0.04123711340206835,0.04123711340206835,-0.0022504091653027707
2017-11-28,1.4476999999999975,0.0,98.0,97.99999999999996,1.0,1207487.0,98.2109,98.7768,99.5536,100.1195,97.4341,96.8682,96.09139999999998,0.0,0.26439264169211435,0.26439264169211435,0.00471601394299768
2017-11-29,2.873400000000004,0.0,95.52,95.51999999999997,0.0,-1539288.0,96.2978,97.3456,99.1712,100.219,94.4722,93.4244,91.59879999999998,0.0,0.09396533723115323,0.09396533723115323,-0.02530612244897963
2017-11-30,1.4399999999999975,0.0,96.14,96.13999999999996,0.0,2555940.0,96.22833333333334,96.87166666666668,97.60333333333334,98.24666666666668,95.49666666666668,94.85333333333334,94.12166666666668,0.0,0.4036363636363686,0.4036363636363686,0.0064907872696817895
2017-12-01,2.623900000000006,0.0,95.58,95.57999999999996,0.0,-1441139.0,95.26203333333332,96.73296666666664,97.88593333333333,99.35686666666665,94.10906666666664,92.63813333333331,91.48516666666664,0.0,0.6817714089713762,0.6817714089713762,-0.005824838776783881
2017-12-04,3.3300000000000125,0.0,93.22,93.21999999999996,0.0,-1780786.0,93.89666666666666,95.22333333333331,97.22666666666667,98.55333333333334,91.89333333333332,90.56666666666663,88.5633333333333,0.0,0.19519519519519613,0.19519519519519613,-0.02469135802469136
2017-12-05,2.164999999999992,0.0,92.87,92.86999999999998,0.0,-1388068.0,93.02833333333336,94.0316666666667,95.19333333333336,96.19666666666667,91.8666666666667,90.86333333333336,89.7016666666667,0.0,0.3903002309468832,0.3903002309468832,-0.0037545591074876015
2017-12-06,1.9800000000000042,0.0,93.38,93.37999999999997,1.0,1097667.0,93.47333333333334,94.41666666666669,95.45333333333336,96.39666666666668,92.43666666666668,91.49333333333334,90.45666666666668,0.0,0.4292929292929256,0.4292929292929256,0.005491547324216549
2017-12-07,1.5199999999999958,0.0,94.65,94.64999999999998,1.0,1516688.0,94.25666666666666,95.21333333333332,95.77666666666666,96.73333333333332,93.69333333333331,92.73666666666666,92.17333333333332,0.0,0.8881578947368499,0.8881578947368499,0.013600342685800073
2017-12-08,1.5400000000000065,0.0,95.93,95.92999999999998,1.0,1232013.0,95.50333333333332,96.48666666666666,97.04333333333334,98.02666666666669,94.94666666666666,93.96333333333332,93.40666666666664,0.0,0.9155844155844188,0.9155844155844188,0.013523507659799271
2017-12-11,1.3449999999999989,0.0,95.77,95.76999999999998,1.0,-1132297.0,96.015,96.565,97.36,97.91,95.22,94.67,93.875,0.0,0.2267657992565003,0.2267657992565003,-0.0016678828312312185
2017-12-12,1.248899999999992,0.0,94.79,94.79,0.0,-1548700.0,95.02036666666667,95.51963333333336,96.24926666666668,96.74853333333334,94.29073333333336,93.79146666666668,93.06183333333335,0.0,0.2188135731141696,0.2188135731141696,-0.010232849535344993
2017-12-13,1.3900000000000006,0.0,94.95,94.95,1.0,1621649.0,95.18666666666668,95.76333333333334,96.57666666666668,97.15333333333334,94.37333333333332,93.79666666666668,92.98333333333332,0.0,0.2446043165467649,0.2446043165467649,0.0016879417660090367
2017-12-14,1.3900000000000006,0.0,94.2,94.2,0.0,-1446158.0,94.37,94.98,95.76,96.37,93.59,92.98,92.2,0.0,0.3165467625899263,0.3165467625899263,-0.007898894154818325
